career,category,stream,after_class,description,skills,salary_range,growth_outlook,exam_required,top_colleges
Software Engineer,Private/IT,Science,12th & Engineering,"Design and build software applications, websites, and systems. One of the most in-demand careers globally.","programming, problem solving, mathematics, algorithms, data structures, logical thinking",₹4L–₹40L+,Excellent,JEE Main/JEE Advanced (for B.Tech),"IITs, NITs, BITS Pilani, VIT"
Data Scientist,Private/IT,Science,12th & Engineering,"Analyze large datasets to extract insights and build predictive ML models.","mathematics, statistics, programming, machine learning, data analysis, Python, R",₹6L–₹35L+,Excellent,JEE/GATE,"IITs, IISc, ISI Kolkata"
AI/ML Engineer,Private/IT,Science,12th & Engineering,"Build artificial intelligence and machine learning models for automation and decision-making.","mathematics, programming, machine learning, statistics, Python, deep learning",₹8L–₹40L+,Excellent,JEE/GATE,"IITs, IISc, IIIT Hyderabad"
Cybersecurity Analyst,Private/IT,Science,12th & Engineering,"Protect computer systems and networks from digital attacks and security breaches.","programming, networking, ethical hacking, problem solving, attention to detail",₹5L–₹30L+,Excellent,CEH/CISSP certifications,"NITs, VIT, SRM, BITS"
Game Developer,Private/IT,Science,12th & Engineering,"Design and program video games for consoles, PCs, or mobile platforms.","programming, creativity, mathematics, problem solving, game design, Unity, Unreal",₹4L–₹20L,Good,JEE (for B.Tech),"MAAC, Arena Animation, NITs"
Cloud Engineer,Private/IT,Science,12th & Engineering,"Build and manage cloud infrastructure on AWS, Azure, or Google Cloud platforms.","programming, networking, Linux, cloud computing, DevOps, problem solving",₹6L–₹35L+,Excellent,AWS/Azure Certifications,"NITs, IITs, Private Engineering Colleges"
Full Stack Developer,Private/IT,Science,12th & Engineering,"Develop both frontend and backend of web applications end-to-end.","programming, HTML, CSS, JavaScript, databases, problem solving",₹4L–₹25L+,Excellent,Self-learning/Bootcamps,"Any Engineering College + Online Certs"
DevOps Engineer,Private/IT,Science,12th & Engineering,"Automate software delivery pipeline and manage infrastructure using CI/CD tools.","Linux, Docker, Kubernetes, scripting, cloud, problem solving",₹6L–₹30L+,Excellent,GATE/Certifications,"IITs, NITs, Tier-2 Engineering"
Civil Engineer,Engineering,Science,12th & Engineering,"Plan, design, and oversee construction of roads, bridges, dams, and buildings.","mathematics, physics, drawing, problem solving, project management, AutoCAD",₹3.5L–₹20L,Good,JEE Main/GATE,"IITs, NITs, BITS, DCE"
Mechanical Engineer,Engineering,Science,12th & Engineering,"Design and develop mechanical systems, machines, and manufacturing processes.","physics, mathematics, CAD, problem solving, creativity, thermodynamics",₹3.5L–₹18L,Good,JEE Main/GATE,"IITs, NITs, NIT Trichy, VIT"
Electrical Engineer,Engineering,Science,12th & Engineering,"Design and develop electrical systems, circuits, power systems, and electronic devices.","physics, mathematics, electronics, circuits, programming, power systems",₹4L–₹20L,Good,JEE Main/GATE,"IITs, NITs, BITS"
Electronics & Communication Engineer,Engineering,Science,12th & Engineering,"Design communication systems, embedded systems, and electronic devices.","electronics, physics, mathematics, signal processing, programming, VLSI",₹4L–₹22L,Good,JEE Main/GATE,"IITs, NITs, BITS Pilani"
Aerospace Engineer,Engineering,Science,12th & Engineering,"Design aircraft, spacecraft, missiles, and related aviation systems.","physics, mathematics, aerodynamics, CAD, problem solving, fluid mechanics",₹5L–₹25L,Good,JEE/GATE/NDA,"IIT Bombay, IIT Madras, IISc, IIST"
Chemical Engineer,Engineering,Science,12th & Engineering,"Design and optimize chemical manufacturing processes for industries like pharma and petroleum.","chemistry, mathematics, physics, thermodynamics, process design",₹4L–₹20L,Good,JEE Main/GATE,"IITs, NIT Warangal, ICT Mumbai"
Biomedical Engineer,Engineering,Science,12th & Engineering,"Develop medical devices, prosthetics, and healthcare technology to improve patient outcomes.","biology, physics, electronics, programming, problem solving, medical knowledge",₹3.5L–₹18L,Good,JEE/GATE,"IITs, VIT, Manipal, SRM"
Environmental Engineer,Engineering,Science,12th & Engineering,"Develop solutions to environmental problems like water treatment, pollution control, and waste management.","chemistry, biology, mathematics, fieldwork, environmental science",₹3L–₹15L,Good,GATE,"IITs, NITs, JNU"
Petroleum Engineer,Engineering,Science,12th & Engineering,"Design methods to extract oil and gas from beneath the earth's surface.","physics, chemistry, geology, mathematics, problem solving",₹6L–₹30L+,Good,JEE/GATE,"IIT Dhanbad (ISM), IIT Bombay"
Mining Engineer,Engineering,Science,12th & Engineering,"Plan and supervise extraction of minerals and ores safely and efficiently.","geology, physics, mathematics, safety management, problem solving",₹4L–₹18L,Moderate,JEE/GATE,"IIT ISM Dhanbad, NIT Rourkela"
Agricultural Engineer,Engineering,Science,12th & Engineering,"Apply engineering principles to agricultural production and farming technology.","biology, chemistry, mathematics, machinery, fieldwork",₹3L–₹12L,Good,JEE/ICAR,"PAU, IARI, State Agri Universities"
Naval Architect,Engineering,Science,12th & Engineering,"Design and build ships, submarines, and offshore marine structures.","physics, mathematics, fluid mechanics, CAD, structural engineering",₹4L–₹20L,Moderate,JEE/GATE,"IIT Madras, IIT Kharagpur, Cochin Univ"
Doctor (MBBS),Medical,Science,12th,"Diagnose and treat patients, perform surgeries, and promote health and wellness.","biology, chemistry, empathy, communication, critical thinking, dedication",₹8L–₹50L+,Excellent,NEET-UG,"AIIMS Delhi, CMC Vellore, AFMC"
Dentist (BDS),Medical,Science,12th,"Diagnose and treat dental problems, perform oral surgeries and cosmetic dentistry.","biology, chemistry, manual dexterity, communication, attention to detail",₹5L–₹20L,Good,NEET-UG,"Maulana Azad, SDM Dharwad, MGMDC"
Ayurvedic Doctor (BAMS),Medical,Science,12th,"Practice traditional Indian medicine using herbs, therapies, and holistic treatments.","biology, chemistry, Sanskrit, empathy, communication, patience",₹3L–₹15L,Good,NEET-UG,"BHU, Gujarat Ayurved University, NIA Jaipur"
Homeopathic Doctor (BHMS),Medical,Science,12th,"Treat patients using homeopathic medicines based on the principle of 'like cures like'.","biology, chemistry, empathy, patience, communication",₹2.5L–₹12L,Moderate,NEET-UG,"Nehru Homoeopathic College, DSHM"
Veterinary Doctor (BVSc),Medical,Science,12th,"Diagnose and treat diseases in animals; work in clinics, farms, or wildlife conservation.","biology, chemistry, empathy, animal handling, communication",₹4L–₹20L,Good,NEET-UG/State exams,"IVRI Bareilly, MAFSU, GADVASU"
Pharmacist (B.Pharm),Medical,Science,12th,"Prepare and dispense medications, counsel patients, conduct drug research.","chemistry, biology, communication, attention to detail, pharmacology",₹3L–₹12L,Good,GPAT (for PG),"Jamia Hamdard, Manipal, JSS Pharmacy"
Nurse (B.Sc Nursing),Medical,Science,12th,"Provide direct patient care, administer medications, and assist in surgeries.","biology, empathy, communication, quick thinking, patience",₹2.5L–₹12L,Excellent,AIIMS Nursing/State Exams,"AIIMS, CMC Vellore, Manipal"
Physiotherapist (BPT),Medical,Science,12th,"Help patients recover from injuries and physical disabilities through therapeutic exercises.","biology, empathy, communication, anatomy, patience, manual therapy",₹3L–₹15L,Good,NEET (some colleges),"Manipal, AIIMS, Jamia, RVPT"
Radiologist / Medical Imaging,Medical,Science,12th + MBBS,"Interpret medical images like X-rays, MRI, CT scans to diagnose diseases.","biology, physics, attention to detail, analytical thinking, technology",₹12L–₹40L+,Excellent,NEET-UG + PG entrance,"AIIMS, CMC Vellore, PGIMER"
Biotechnologist,Science,Science,12th & Engineering,"Apply biological systems to develop products in medicine, agriculture, and industry.","biology, chemistry, research, laboratory skills, genetics, microbiology",₹3L–₹15L,Good,JEE/GATE,"IIT Delhi, JNU, Hyderabad Central Univ"
Microbiologist,Science,Science,12th,"Study microscopic organisms like bacteria, viruses, and fungi to fight diseases.","biology, chemistry, research, laboratory skills, attention to detail",₹3L–₹12L,Good,CSIR-NET/GATE,"JNU, Hyderabad Univ, BHU, Miranda House"
Forensic Scientist,Science,Science,12th,"Analyze physical evidence from crime scenes to support criminal investigations.","chemistry, biology, attention to detail, analytical thinking, legal knowledge",₹3.5L–₹15L,Good,State PSC/CBI exams,"LNJN NCA, Osmania Univ, Panjab Univ"
Astronomer / Astrophysicist,Science,Science,12th + BSc,"Study stars, galaxies, black holes, and the universe using telescopes and data analysis.","mathematics, physics, programming, research, analytical thinking",₹4L–₹20L,Good,JEST/GATE/NET,"IISc, IUCAA, IIT Bombay, TIFR"
Oceanographer,Science,Science,12th,"Study oceans, marine life, and underwater geological features.","biology, chemistry, physics, fieldwork, data analysis, swimming",₹3L–₹12L,Moderate,GATE/NET,"NIO Goa, Cochin Univ, IIT Madras"
IAS Officer (Civil Services),Government,All,12th + Graduation,"Administer government departments, implement policies, and serve as District Collectors and Cabinet Secretaries.","general knowledge, leadership, communication, analytical thinking, ethics, writing",₹56K–₹2.5L/month,Excellent,UPSC CSE,"Any Graduation (UPSC exam is the entry)"
IPS Officer (Police Service),Government,All,12th + Graduation,"Lead police forces, investigate crimes, maintain law and order, and protect national security.","leadership, physical fitness, communication, courage, decision making",₹56K–₹2.25L/month,Excellent,UPSC CSE,"Any Graduation"
IFS Officer (Foreign Service),Government,All,12th + Graduation,"Represent India abroad as diplomats, manage foreign policy and international relations.","communication, languages, analytical thinking, general knowledge, writing",₹56K–₹2.5L/month,Excellent,UPSC CSE,"Any Graduation"
IRS Officer (Revenue Service),Government,All,12th + Graduation,"Collect taxes, investigate tax evasion, and manage revenue administration.","mathematics, finance, law, analytical thinking, integrity",₹56K–₹2L/month,Excellent,UPSC CSE,"Any Graduation"
State PSC Officer,Government,All,12th + Graduation,"Manage state government departments, work as SDO/SDM/Block Development Officers.","general knowledge, leadership, communication, writing",₹40K–₹1.5L/month,Excellent,State PSC Exam,"Any Graduation"
Bank PO (Probationary Officer),Government,Commerce/Any,12th + Graduation,"Manage banking operations, customer accounts, loans, and branch administration.","mathematics, communication, finance, analytical thinking, English",₹8L–₹16L,Excellent,IBPS PO / SBI PO,"Any Graduation"
Bank Clerk,Government,Commerce/Any,12th + Graduation,"Handle day-to-day banking transactions, cash operations, and customer service.","mathematics, communication, attention to detail, computer skills",₹5L–₹9L,Good,IBPS Clerk / SBI Clerk,"12th pass (minimum)"
RBI Grade B Officer,Government,Commerce/Any,12th + Graduation,"Work in India's central bank managing monetary policy, banking regulation, and currency.","economics, finance, mathematics, research, communication",₹12L–₹20L+,Excellent,RBI Grade B Exam,"Any Graduation"
SSC CGL Officer,Government,All,12th + Graduation,"Work in central government departments like Income Tax, CBI, Customs, and MEA.","general knowledge, mathematics, English, reasoning, computer skills",₹6L–₹12L,Good,SSC CGL Exam,"Any Graduation"
SSC CHSL (10+2 Level),Government,All,12th,"Work as LDC, PA, DEO in central government departments.","general knowledge, English, mathematics, computer skills",₹3.5L–₹7L,Good,SSC CHSL,"12th pass"
Indian Army Officer,Defense,All,12th + Graduation,"Lead soldiers in combat and peacetime, defend the nation, manage army operations.","leadership, physical fitness, courage, discipline, decision making",₹56K–₹2.5L/month,Excellent,NDA / CDS / TES,"NDA, OTA Madras, IMA Dehradun"
Indian Navy Officer,Defense,All,12th + Graduation,"Serve in the Indian Navy on ships, submarines, or in naval aviation.","leadership, physical fitness, science, engineering, discipline",₹56K–₹2.5L/month,Excellent,NDA / CDS / UES,"Indian Naval Academy, NDA Khadakwasla"
Indian Air Force (IAF) Pilot,Defense,Science,12th,"Fly fighter jets or transport aircraft, defend Indian airspace.","physics, mathematics, spatial awareness, quick decision making, physical fitness",₹56K–₹2.5L/month,Excellent,NDA / AFCAT,"NDA, Air Force Academy Hyderabad"
Indian Coast Guard,Defense,Science/Any,12th + Graduation,"Protect India's maritime borders, conduct rescue operations, and prevent smuggling.","physics, geography, teamwork, physical fitness, discipline",₹35K–₹1.2L/month,Good,Coast Guard Navik/Officer Exam,"Coast Guard Academy"
CRPF / BSF / CISF Officer,Defense/Paramilitary,All,12th + Graduation,"Serve in paramilitary forces maintaining internal security and border protection.","physical fitness, leadership, discipline, courage, teamwork",₹35K–₹1.2L/month,Good,UPSC CAPF / SSC CPO,"Any Graduation"
Indian Railway Officer (IRTS/IRPS),Government,All,12th + Graduation,"Manage railway operations, traffic, personnel, and administration across India.","management, communication, technical knowledge, leadership",₹56K–₹2L/month,Good,UPSC IES / RRB NTPC,"Any relevant Graduation/Engineering"
Railway JE / AEN,Government,Science,12th + Diploma/Engineering,"Work as Junior Engineer managing railway tracks, bridges, and electrical systems.","engineering, mathematics, technical skills, attention to detail",₹5L–₹12L,Good,RRB JE / SSC JE,"Diploma or B.Tech Engineering"
DRDO Scientist,Government,Science,12th + Engineering/Science,"Research and develop defense technologies, weapons systems, and electronics.","research, engineering, physics, mathematics, innovation",₹7L–₹25L+,Good,GATE / CEPTAM,"IITs, NITs, IISc"
ISRO Scientist / Engineer,Government,Science,12th + Engineering/Science,"Work on India's space missions, satellite design, rocketry, and space research.","physics, mathematics, engineering, programming, research",₹7L–₹30L,Good,GATE / ISRO Centralized Recruitment,"IITs, NITs, IISc, IIST"
Teacher (Government School),Government,All,12th + Graduation,"Teach students in government schools from primary to senior secondary level.","subject knowledge, communication, patience, creativity, leadership",₹4L–₹12L,Good,CTET / TET / State TET,"B.Ed from any recognized university"
University Professor,Education,All,12th + PG + PhD,"Teach undergraduate and postgraduate students and conduct academic research.","subject expertise, research, communication, writing, mentoring",₹8L–₹25L,Good,UGC-NET / SLET,"Any recognized university with NET"
Chartered Accountant (CA),Finance,Commerce,12th,"Manage financial accounts, auditing, taxation, and financial planning for organizations.","mathematics, accounting, finance, attention to detail, analytical thinking",₹5L–₹30L+,Excellent,ICAI CA Exam,"CA Foundation > Intermediate > Final"
Company Secretary (CS),Finance,Commerce,12th,"Handle legal, secretarial, and corporate governance functions of companies.","law, communication, finance, attention to detail, organization",₹4L–₹20L,Good,ICSI CS Exam,"CS Foundation > Executive > Professional"
Cost Management Accountant (CMA),Finance,Commerce,12th,"Manage cost accounting, budgeting, and financial strategy for businesses.","mathematics, accounting, finance, analytical thinking",₹4L–₹18L,Good,ICMAI CMA Exam,"CMA Foundation > Intermediate > Final"
Investment Banker,Finance,Commerce,12th + Graduation,"Help companies raise capital, manage mergers, and provide high-value financial advisory.","finance, mathematics, communication, analytical thinking, networking",₹10L–₹60L+,Good,MBA Finance (CAT/XAT),"IIM A/B/C, FMS, JBIMS"
Actuary,Finance,Commerce,12th + Graduation,"Analyze financial risks using mathematics and statistics, primarily for insurance.","mathematics, statistics, finance, analytical thinking, programming",₹5L–₹30L+,Good,IAI Actuarial Exams,"Any Mathematics/Statistics degree"
Stock Market / Financial Analyst,Finance,Commerce,12th + Graduation,"Evaluate investments, analyze market trends, and advise clients on portfolio management.","finance, mathematics, data analysis, communication, risk assessment",₹4L–₹25L+,Good,SEBI/NISM Certifications,"Any Finance/Commerce degree"
Insurance Manager,Finance,Commerce,12th + Graduation,"Manage insurance policies, assess risks, and help clients choose the right coverage.","communication, finance, analytical thinking, sales, attention to detail",₹3L–₹12L,Good,LIC AAO / IRDAI exams,"BBA/B.Com/MBA"
Economist,Finance,Commerce,12th + Graduation,"Study production, distribution, and consumption of goods and services to advise policy.","mathematics, statistics, research, writing, analytical thinking",₹4L–₹25L,Good,UPSC/RBI/State PSC,"Presidency, JNU, DSE, SRCC"
Business Analyst,Management,Commerce,12th + Graduation,"Analyze business processes and data to recommend improvements and strategy.","analytical thinking, communication, data analysis, business knowledge, problem solving",₹5L–₹25L,Excellent,MBA (CAT/XAT/SNAP),"IIMs, XLRI, SP Jain, MDI"
MBA Manager,Management,Commerce,12th + Graduation,"Lead business operations, teams, and strategy in corporate organizations.","leadership, communication, problem solving, finance, management",₹6L–₹30L+,Excellent,CAT/XAT/MAT,"IIM A/B/C/L/K, FMS Delhi, JBIMS"
Marketing Manager,Management,Commerce,12th + Graduation,"Plan and execute marketing campaigns to promote products and grow brand awareness.","creativity, communication, data analysis, social media, market research",₹4L–₹20L,Good,MBA Marketing (CAT),"IIMs, MICA Ahmedabad, Symbiosis"
HR Manager,Management,Commerce,12th + Graduation,"Recruit, train, and manage employees while ensuring a positive work environment.","communication, empathy, leadership, organization, problem solving",₹3.5L–₹18L,Good,MBA HR (CAT/XAT),"XLRI, Tata Institute, IIMs"
Supply Chain Manager,Management,Commerce,12th + Graduation,"Oversee production flow of goods from raw materials to final products.","logistics, organization, problem solving, communication, data analysis",₹4L–₹20L,Good,MBA / PGDSCM,"IIMs, NITIE Mumbai, SDA Bocconi"
Digital Marketing Specialist,Management,Commerce,12th + Graduation,"Run online marketing campaigns across social media, SEO, email, and paid ads.","creativity, data analysis, communication, social media, SEO, content creation",₹3L–₹18L,Excellent,Google/HubSpot Certifications,"Any degree + Digital Marketing Course"
Lawyer / Advocate,Law,Arts,12th,"Represent clients in legal matters, provide legal advice, and argue cases in court.","communication, research, critical thinking, writing, persuasion",₹3L–₹30L+,Good,CLAT / AILET,"NLU Delhi, NLSIU Bangalore, NLU Jodhpur"
Judge,Law,Arts,12th + LLB,"Preside over court proceedings, interpret laws, and deliver judgments.","critical thinking, communication, law knowledge, integrity, writing",₹10L–₹25L+ (govt),Excellent,UPSC / State Judiciary Exam,"Any Law College + Judicial Service Exam"
Corporate Lawyer,Law,Arts,12th + LLB,"Handle legal matters for companies including contracts, mergers, and compliance.","law, communication, research, analytical thinking, business knowledge",₹6L–₹40L+,Excellent,CLAT / AILET / LLB entrance,"NLUs, Symbiosis Law, ILS Pune"
Journalist,Media,Arts,12th + Graduation,"Investigate and report news stories through print, broadcast, or digital media.","writing, communication, research, curiosity, networking, video production",₹2.5L–₹15L,Moderate,IIMC entrance / State entrance,"IIMC Delhi, AJK MCRC, XIC Mumbai"
Anchor / News Presenter,Media,Arts,12th + Graduation,"Present news, host TV shows, and conduct interviews on television or radio.","communication, confidence, voice modulation, news awareness, presentation",₹3L–₹20L,Good,Portfolio/Auditions,"FTII, IIMC, Whistling Woods"
Content Creator / YouTuber,Media,All,12th,"Create digital content for YouTube, Instagram, or podcasts to build an audience.","creativity, communication, video editing, consistency, social media",₹Variable–₹Crores,Excellent,None (self-driven),"Self-taught + Online courses"
Graphic Designer,Design,Arts,12th + Diploma/Degree,"Create visual content for branding, advertising, publications, and digital media.","creativity, design, drawing, software tools, color theory, typography",₹2.5L–₹15L,Good,NID / NIFT entrance,"NID Ahmedabad, NIFT Delhi, MIT Pune"
UX/UI Designer,Design,Arts/Science,12th + Degree,"Design user interfaces and experiences for websites and apps to maximize usability.","creativity, design, empathy, Figma/Adobe, problem solving, user research",₹4L–₹25L,Excellent,Portfolio-based,"NID, Manipal, Srishti Institute"
Fashion Designer,Design,Arts,12th + Degree,"Create clothing, footwear, and accessories; set trends in the fashion industry.","creativity, drawing, design, sewing, trend awareness, communication",₹2.5L–₹20L,Good,NIFT / NID entrance,"NIFT Delhi/Mumbai, Pearl Academy, NID"
Interior Designer,Design,Arts,12th + Diploma/Degree,"Plan and design interior spaces to be functional, safe, and visually appealing.","creativity, drawing, spatial thinking, design, client communication, CAD",₹3L–₹18L,Good,NATA / JEE Paper 2 / NIFT,"SPA Delhi, CEPT Ahmedabad, JJ School"
Architect,Design,Science,12th + B.Arch,"Design buildings and structures that are functional, safe, and aesthetically pleasing.","drawing, creativity, mathematics, CAD, spatial thinking, design, physics",₹4L–₹25L,Good,NATA / JEE Paper 2,"SPA Delhi, CEPT Ahmedabad, IIT Roorkee"
Animator / VFX Artist,Design,Arts,12th + Diploma/Degree,"Create 2D/3D animation and visual effects for films, games, TV shows, and advertising.","creativity, drawing, software skills, storytelling, patience, attention to detail",₹3L–₹18L,Good,Portfolio-based,"FTII, Arena Animation, Whistling Woods, MAAC"
Filmmaker / Director,Media,Arts,12th + Degree,"Write, direct, and produce films, documentaries, web series, and short films.","creativity, storytelling, communication, leadership, technical skills, vision",₹Variable,Good,FTII / SRFTI entrance,"FTII Pune, SRFTI Kolkata, Whistling Woods"
Teacher (Private / International),Education,All,12th + B.Ed,"Teach students in private or international schools; guide academic and personal growth.","subject knowledge, communication, patience, creativity, empathy, leadership",₹3L–₹15L,Good,B.Ed entrance / CTET,"Any recognized B.Ed college"
Psychologist / Counsellor,Health,Arts/Science,12th + Degree,"Help people overcome mental health challenges through therapy and counselling.","empathy, communication, research, patience, critical thinking, ethics",₹3L–₹20L,Excellent,RCI registration,"Delhi Univ, Tata Institute (TISS), NIMHANS"
Social Worker,Social,Arts,12th + Degree,"Help individuals and communities overcome challenges and improve quality of life.","empathy, communication, problem solving, patience, social awareness",₹2L–₹10L,Good,TISS entrance,"TISS Mumbai, JMI, Jamia Millia Islamia"
Environmental Scientist,Science,Science,12th + Degree,"Study environmental problems and develop solutions to protect the planet.","biology, chemistry, fieldwork, data analysis, report writing, GIS",₹3L–₹15L,Good,GATE/State exams,"JNU, IIT Delhi, TERI University"
Wildlife Biologist,Science,Science,12th + Degree,"Study animals and ecosystems to conserve wildlife and natural habitats.","biology, fieldwork, research, patience, writing, data analysis, photography",₹2.5L–₹12L,Moderate,GATE/Forest Service Exam,"WII Dehradun, JNU, Bombay Natural History"
Forest Officer (IFS),Government,Science,12th + Graduation,"Manage India's forests and wildlife; enforce forest laws and conservation policies.","biology, geography, leadership, physical fitness, environmental knowledge",₹56K–₹2L/month,Good,UPSC IFS Exam,"Any Science Graduation"
Geologist,Science,Science,12th + Degree,"Study Earth's structure, composition, and geological processes for mining and research.","geography, chemistry, fieldwork, data analysis, report writing, mathematics",₹3L–₹15L,Moderate,GATE/GSI exams,"IIT Roorkee, IIT Kharagpur, BHU"
Nutritionist / Dietitian,Health,Science,12th + Degree,"Advise individuals and hospitals on food, nutrition, and diet to improve health.","biology, health knowledge, communication, empathy, planning, biochemistry",₹2.5L–₹12L,Good,State Health Dept exams,"AIIMS, Lady Irwin College, Manipal"
Event Manager,Hospitality,Arts/Commerce,12th + Degree,"Plan and coordinate weddings, conferences, cultural programs, and corporate events.","organization, communication, creativity, leadership, problem solving, logistics",₹2.5L–₹15L,Good,NIEM entrance,"NIEM Mumbai, IHM, Event Management Institute"
Hotel Manager (Hospitality),Hospitality,Arts/Commerce,12th + Degree,"Oversee hotel operations including staff, services, revenue, and guest satisfaction.","communication, leadership, organization, customer service, management",₹3L–₹18L,Good,NCHMCT JEE,"IHM Mumbai, IHM Delhi, Oberoi Centre"
Chef / Culinary Artist,Hospitality,All,12th + Diploma/Degree,"Create culinary experiences, lead kitchen teams, and innovate recipes professionally.","creativity, taste, physical stamina, time management, leadership, kitchen skills",₹2L–₹20L+,Good,NCHMCT JEE,"IHM, Welcomgroup GSM, WGSHA Manipal"
Travel & Tourism Manager,Hospitality,Arts/Commerce,12th + Degree,"Plan travel experiences, manage tours, and promote tourism destinations.","communication, geography, customer service, languages, organization",₹2.5L–₹10L,Good,Travel/Tourism Diploma,"IITTM, IGNOU, Amity"
Yoga Instructor / Wellness Coach,Health,All,12th + Certification,"Teach yoga, mindfulness, and wellness practices to improve physical and mental health.","health and fitness, communication, patience, body awareness, empathy",₹1.5L–₹10L,Good,Yoga Certification (QCI),"Morarji Desai Yoga Institute, Kaivalyadhama"
Sports Coach / Athlete,Sports,All,12th + Diploma,"Train athletes or compete professionally in sports at state, national, or international level.","sports-specific skills, physical fitness, discipline, leadership, teamwork",₹2L–₹50L+ (pro),Good,Sports Authority of India (SAI),"NIS Patiala, SAI Training Centres"
NDA (Army/Navy/Air Force),Defense,Science,12th (PCM),"Join Indian armed forces as an officer after completing NDA training at Pune.","mathematics, physics, physical fitness, discipline, courage, leadership",₹56K–₹2.5L/month,Excellent,NDA Written + SSB,"NDA Khadakwasla, Pune (Training)"
Merchant Navy Officer,Maritime,Science,12th + Degree/Diploma,"Work on commercial ships transporting cargo or passengers across international waters.","mathematics, physics, nautical science, teamwork, physical fitness",₹8L–₹40L+ (tax-free),Excellent,IMU CET,"IMU Chennai, MERI Kolkata, T.S. Chanakya"
Pilot (Commercial Aviation),Aviation,Science,12th (PCM),"Fly commercial passenger or cargo aircraft for airlines domestically and internationally.","mathematics, physics, spatial awareness, quick decision making, English",₹15L–₹80L+,Excellent,DGCA CPL Exam,"Indira Gandhi Rashtriya Uran Akademi, FTTI"
Air Traffic Controller,Aviation,Science,12th + Degree,"Manage aircraft movement on the ground and in airspace to ensure safe operations.","mathematics, physics, communication, quick decision making, attention to detail",₹8L–₹25L,Good,AAI Recruitment Exam,"Any Science Graduate + AAI Training"
Radiologist (BARC / Atomic Energy),Science,Science,12th + Engineering/Science,"Work at nuclear facilities to develop radiation-based technologies and energy solutions.","physics, mathematics, nuclear science, research, safety protocols",₹7L–₹25L,Good,OCES/DGFS by BARC,"IITs, NITs, IISc"
Statistician (CSO/NSO/ISS),Government,Science/Commerce,12th + Graduation,"Collect and analyze national statistics for government planning and policy-making.","mathematics, statistics, data analysis, programming, report writing",₹6L–₹15L,Good,ISS Exam (UPSC),"Delhi Univ, ISI, JNU"
Product Manager,IT/Management,Science/Commerce,12th + Graduation,"Lead product development from idea to launch, working with tech and business teams.","communication, leadership, data analysis, problem solving, business acumen",₹6L–₹35L+,Excellent,MBA (CAT) or Tech Degree,"IIMs, IITs, Stanford, ISB"
Ethical Hacker (Bug Bounty),IT,Science,12th + Degree/Cert,"Find vulnerabilities in systems legally and help organizations fix security flaws.","programming, networking, ethical hacking, problem solving, persistence",₹5L–₹30L+,Excellent,CEH / OSCP Certification,"Self-study + Certifications"
Blockchain Developer,IT,Science,12th + Engineering,"Build decentralized applications and smart contracts using blockchain technology.","programming, cryptography, mathematics, problem solving, distributed systems",₹6L–₹30L+,Excellent,Self-study + Certifications,"Engineering College + Online Courses"
Robotics Engineer,Engineering,Science,12th + Engineering,"Design and build robots and automated systems for manufacturing, healthcare, and space.","mathematics, physics, programming, electronics, mechanical design, AI",₹5L–₹25L,Excellent,JEE/GATE,"IIT Kanpur, IIT Delhi, IIIT Hyderabad"
Nanotechnology Scientist,Science,Science,12th + Engineering/Science,"Research and develop materials and devices at the nanoscale for medicine and electronics.","physics, chemistry, materials science, research, mathematics",₹4L–₹20L,Good,GATE/NET,"IIT Bombay, IIT Delhi, JNU, INST Mohali"
Psychometrist / Educational Psychologist,Education,Arts/Science,12th + Degree,"Design and administer psychological assessments and tests for learning and development.","psychology, research, communication, empathy, data analysis",₹3L–₹15L,Good,RCI/NET,"TISS, Delhi Univ, JMI, NIMHANS"
Sports Psychologist,Sports/Health,Arts/Science,12th + Degree,"Apply psychological principles to help athletes improve performance and mental toughness.","psychology, empathy, communication, sports knowledge, research",₹3L–₹18L,Good,RCI/NET,"NIMHANS, TISS, Lakshmibai NI of Physical Ed"
Entrepreneur / Startup Founder,Business,All,12th + (any degree),"Build a business from scratch; identify market opportunities and scale innovative solutions.","creativity, risk-taking, leadership, communication, finance, persistence",₹Variable–₹Unlimited,Excellent,No exam required (startup schemes),"IIM incubators, IIT TBI, Startup India"
Social Media Manager,Management,Arts/Commerce,12th + Degree/Diploma,"Manage social media accounts, grow followers, run campaigns, and track analytics.","creativity, communication, analytics, writing, trend awareness, photography",₹2.5L–₹12L,Excellent,None (portfolio-based),"Any Marketing Degree + Portfolio"
Makeup Artist / Beautician,Creative,All,12th + Diploma,"Apply makeup professionally for films, events, fashion shoots, and bridal occasions.","creativity, manual dexterity, color theory, communication, time management",₹1.5L–₹15L+,Good,Certificate Courses,"VLCC, Lakme Academy, Jawed Habib Academy"
Sports Manager / Agent,Sports,Commerce/Arts,12th + Degree,"Manage careers of professional athletes, negotiate contracts, and handle sports marketing.","communication, sports knowledge, finance, negotiation, networking",₹3L–₹20L,Good,Sports Management Diploma/MBA,"IISM, MICA, Sports Management colleges"
Geospatial Analyst (GIS Expert),Science,Science,12th + Degree,"Use Geographic Information Systems (GIS) to analyze spatial data for urban planning, environment, and defense.","geography, mathematics, GIS software, data analysis, remote sensing",₹3L–₹15L,Good,GATE/State exams,"IIRS Dehradun, Anna Univ, SRM"
